model,t_stat,se,ci_lower,ci_upper,p_val_one_sided,mean_log_score_diff,mean_brier_diff
nb,-1.1277982562173512,6.526599364051823e-07,-2.015282213534849e-06,5.431447371734654e-07,0.8702971457062542,,-7.360687381806918e-07
calibrated_nb,1.0466017804104213,8.70621261914114e-11,-7.952239105691839e-11,2.6176114361341427e-10,0.14764191066840687,,9.111937627824794e-11
xgb,-0.015617183384723688,1.27076991386066e-10,-2.5105548779514447e-10,2.470863184382342e-10,0.5062300981711081,,-1.9845846784551446e-12
calibrated_xgb,0.025570144316139184,1.5516804114053444e-10,-3.001616914302314e-10,3.0809702984066356e-10,0.4898001052872708,,3.967669205216088e-12
