model,t_stat,se,ci_lower,ci_upper,p_val_one_sided,mean_log_score_diff,mean_brier_diff
nb,0.2185877727547176,1.2457150911405645e-06,-2.16930349137615e-06,2.7138996658948627e-06,0.41348563689380463,,2.7229808725935605e-07
calibrated_nb,-1.292396144533686,9.262832937888286e-11,-3.0126402134647496e-10,6.183902981874582e-11,0.9018896851208913,,-1.1971249576386458e-10
xgb,2.933620716152046,1.964265951037629e-09,1.9124500219623363e-09,9.61237255002984e-09,0.0016752480064283896,,5.762411285996089e-09
calibrated_xgb,4.670796591910208,4.468855039374678e-06,1.2114157010477632e-05,2.963206876482637e-05,1.5005857863308585e-06,,2.0873112887652e-05
