model,t_stat,se,ci_lower,ci_upper,p_val_one_sided,mean_log_score_diff,mean_brier_diff
nb,1.3397376239545804,8.750625374200474e-07,-5.427683686484924e-07,2.8874767780380933e-06,0.09016565600321708,,1.1723542046948005e-06
calibrated_nb,-2.3267540311556205,2.1296020674419277e-10,-9.129080247364027e-10,-7.810401429916706e-11,0.9900106074296309,,-4.955060195177849e-10
xgb,-1.5045944400947777,4.1797432226231356e-10,-1.4481115130123943e-09,1.903478302558747e-10,0.9337854740531321,,-6.288818413782598e-10
calibrated_xgb,-0.9875381756813585,6.386894413266373e-10,-1.8825615107148628e-09,6.211010992855557e-10,0.8383103057729084,,-6.307302057146535e-10
