model,t_stat,se,ci_lower,ci_upper,p_val_one_sided,mean_log_score_diff,mean_brier_diff
nb,-0.20663222942579726,3.2101745964678313e-07,-6.955267742791157e-07,5.628616675362743e-07,0.5818514110313385,,-6.633255337142071e-08
calibrated_nb,-2.677214444803677,2.2907905170836959e-10,-1.06228868758398e-09,-1.642988048871712e-10,0.9962880153270768,,-6.132937462355756e-10
xgb,-2.3449461646490652,7.190764574355845e-10,-3.0955854375267565e-09,-2.7680572437926535e-10,0.9904848785649882,,-1.686195580953011e-09
calibrated_xgb,-2.3897858891759003,1.1941663104356429e-09,-5.194367766462207e-09,-5.132358295544872e-10,0.9915707044579845,,-2.853801798008347e-09
