model,t_stat,se,ci_lower,ci_upper,p_val_one_sided,mean_log_score_diff,mean_brier_diff
nb,-0.5861062630528314,1.922493385174208e-09,-4.894872448669691e-09,2.6413016212132053e-09,0.7210978046965406,,-1.1267854137282428e-09
calibrated_nb,-1.648194619688817,1.353672810479229e-10,-4.884314951590195e-10,4.220824654883838e-11,0.9503432938568599,,-2.2311162430509052e-10
xgb,-1.124864271225255,1.1644947761416855e-10,-3.592308328947937e-10,9.725111935274702e-11,0.8696764342574106,,-1.3098985677102335e-10
calibrated_xgb,-0.9589145398629725,1.416694225019929e-10,-4.1352093719505767e-10,1.4182319901275453e-10,0.8311988524587919,,-1.3584886909115157e-10
