model,t_stat,se,ci_lower,ci_upper,p_val_one_sided,mean_log_score_diff,mean_brier_diff
nb,0.5333146027689134,7.457196886975576e-07,-1.0639073902925173e-06,1.8593137894019087e-06,0.29690803713851205,,3.9770319955469576e-07
calibrated_nb,1.1914363704779818,1.176426803306289e-11,-9.04158853816067e-12,3.707434215144586e-11,0.1167414633009218,,1.4016376806642596e-11
xgb,-3.051829964479251,1.0950920959001638e-10,-5.488415380096827e-10,-1.1956543641681847e-10,0.9988626817290224,,-3.3420348721325057e-10
calibrated_xgb,-2.9309318999946528,2.12022494815535e-10,-1.0369875834097511e-09,-2.058594037328538e-10,0.9983101839889432,,-6.214234935713024e-10
